[
{
  "model": "sessions.session",
  "pk": "tf4c2r8ut0old5f2dz9xry3dhvif2392",
  "fields": {
    "session_data": ".eJxVjMEOwiAQRP-FsyEFobAevfcbyLILUjU0Ke3J-O9K0oPeJvPezEsE3LcS9pbWMLO4CCVOv11EeqTaAd-x3hZJS93WOcquyIM2OS2cntfD_Tso2Mp37dQIhjIMSF55ZOZowFjlTYbRESXdI-dBK5vPzmWLxnvQ2uhICkC8P9zdN2E:1us3Jx:vg1BEz5EVj0K-KigxccPXjnxjwVY8yXA-QXexRnxYkg",
    "expire_date": "2025-09-12T17:55:29.212Z"
  }
},
{
  "model": "expenses.user",
  "pk": 1,
  "fields": {
    "password": "pbkdf2_sha256$1000000$FW95Mjpq9EU76hfYZ6TMCU$VgCB1A98IsreCKYTjHFud86tB34cOcpiTfIgreCSCQ0=",
    "last_login": "2025-08-29T17:55:29.210Z",
    "is_superuser": true,
    "username": "andre",
    "first_name": "",
    "last_name": "",
    "email": "",
    "is_staff": true,
    "is_active": true,
    "date_joined": "2025-08-29T17:55:21.908Z",
    "groups": [],
    "user_permissions": []
  }
},
{
  "model": "expenses.user",
  "pk": 2,
  "fields": {
    "password": "pbkdf2_sha256$1000000$5xfgbBtJr03z0ZQtFTcOo5$/g3YKOibE2w47vYcq2q0uYR1+mTiXooFF4E4EjLnfuY=",
    "last_login": null,
    "is_superuser": false,
    "username": "huna",
    "first_name": "",
    "last_name": "",
    "email": "",
    "is_staff": false,
    "is_active": true,
    "date_joined": "2025-08-29T20:01:23.668Z",
    "groups": [],
    "user_permissions": []
  }
},
{
  "model": "expenses.user",
  "pk": 3,
  "fields": {
    "password": "pbkdf2_sha256$1000000$eHhETYsCwvKge7yliDphMC$tN3DWPoO8I6jxwuhN9DHfVH2baPkXnSiKNUMASaH+Ks=",
    "last_login": null,
    "is_superuser": false,
    "username": "sasha",
    "first_name": "",
    "last_name": "",
    "email": "",
    "is_staff": false,
    "is_active": true,
    "date_joined": "2025-08-30T12:26:51.772Z",
    "groups": [],
    "user_permissions": []
  }
},
{
  "model": "expenses.user",
  "pk": 4,
  "fields": {
    "password": "pbkdf2_sha256$1000000$WDCvXOedpRnwJFjve303QA$4+noNaQJBQ1FTqst4TEDL+wQk7XFesLG2VPrZQ1OkAM=",
    "last_login": null,
    "is_superuser": false,
    "username": "shawn",
    "first_name": "",
    "last_name": "",
    "email": "",
    "is_staff": false,
    "is_active": true,
    "date_joined": "2025-08-30T18:11:03.400Z",
    "groups": [],
    "user_permissions": []
  }
},
{
  "model": "expenses.category",
  "pk": 1,
  "fields": {
    "name": "Food",
    "user": 1,
    "created_at": "2025-08-29T17:57:23.060Z",
    "updated_at": "2025-08-29T17:57:23.060Z"
  }
},
{
  "model": "expenses.category",
  "pk": 2,
  "fields": {
    "name": "Travel",
    "user": 1,
    "created_at": "2025-08-29T17:57:27.716Z",
    "updated_at": "2025-08-30T18:34:54.188Z"
  }
},
{
  "model": "expenses.category",
  "pk": 4,
  "fields": {
    "name": "Living",
    "user": 1,
    "created_at": "2025-08-31T06:33:46.366Z",
    "updated_at": "2025-08-31T06:33:46.366Z"
  }
},
{
  "model": "expenses.category",
  "pk": 5,
  "fields": {
    "name": "Rent",
    "user": 1,
    "created_at": "2025-08-31T09:22:17.832Z",
    "updated_at": "2025-08-31T09:22:17.832Z"
  }
},
{
  "model": "expenses.category",
  "pk": 6,
  "fields": {
    "name": "Shopping",
    "user": 1,
    "created_at": "2025-08-31T09:22:17.837Z",
    "updated_at": "2025-08-31T09:22:17.837Z"
  }
},
{
  "model": "expenses.category",
  "pk": 7,
  "fields": {
    "name": "Utilities",
    "user": 1,
    "created_at": "2025-08-31T09:22:17.841Z",
    "updated_at": "2025-08-31T09:22:17.841Z"
  }
},
{
  "model": "expenses.category",
  "pk": 8,
  "fields": {
    "name": "Entertainment",
    "user": 1,
    "created_at": "2025-08-31T09:22:17.846Z",
    "updated_at": "2025-08-31T09:22:17.846Z"
  }
},
{
  "model": "expenses.category",
  "pk": 9,
  "fields": {
    "name": "Health",
    "user": 1,
    "created_at": "2025-08-31T09:22:17.850Z",
    "updated_at": "2025-08-31T09:22:17.850Z"
  }
},
{
  "model": "expenses.account",
  "pk": 1,
  "fields": {
    "user": 1,
    "name": "SBI Savings",
    "balance": "141416.68",
    "is_system": false
  }
},
{
  "model": "expenses.account",
  "pk": 2,
  "fields": {
    "user": 1,
    "name": "HDFC Savings",
    "balance": "30041.86",
    "is_system": false
  }
},
{
  "model": "expenses.account",
  "pk": 3,
  "fields": {
    "user": 1,
    "name": "External (System)",
    "balance": "-64114.54",
    "is_system": true
  }
},
{
  "model": "expenses.account",
  "pk": 4,
  "fields": {
    "user": 1,
    "name": "HDFC Checking",
    "balance": "74152.00",
    "is_system": false
  }
},
{
  "model": "expenses.expense",
  "pk": 1,
  "fields": {
    "user": 1,
    "account": 1,
    "category": 1,
    "amount": "2000.00",
    "description": "Groceries",
    "created_at": "2025-08-29T19:06:58.957Z",
    "updated_at": "2025-08-31T06:59:07.528Z"
  }
},
{
  "model": "expenses.expense",
  "pk": 2,
  "fields": {
    "user": 1,
    "account": 1,
    "category": 2,
    "amount": "2000.00",
    "description": "Bus tickets",
    "created_at": "2025-08-29T19:07:17.554Z",
    "updated_at": "2025-08-29T19:07:17.554Z"
  }
},
{
  "model": "expenses.expense",
  "pk": 6,
  "fields": {
    "user": 1,
    "account": 4,
    "category": 6,
    "amount": "4078.00",
    "description": "Electronics",
    "created_at": "2025-08-31T09:24:31.014Z",
    "updated_at": "2025-08-31T09:24:31.014Z"
  }
},
{
  "model": "expenses.expense",
  "pk": 7,
  "fields": {
    "user": 1,
    "account": 4,
    "category": 1,
    "amount": "2121.00",
    "description": "Groceries",
    "created_at": "2025-08-31T09:24:31.023Z",
    "updated_at": "2025-08-31T09:24:31.023Z"
  }
},
{
  "model": "expenses.expense",
  "pk": 8,
  "fields": {
    "user": 1,
    "account": 1,
    "category": 7,
    "amount": "4379.00",
    "description": "Water bill",
    "created_at": "2025-08-31T09:24:31.030Z",
    "updated_at": "2025-08-31T09:24:31.030Z"
  }
},
{
  "model": "expenses.expense",
  "pk": 9,
  "fields": {
    "user": 1,
    "account": 4,
    "category": 7,
    "amount": "609.00",
    "description": "Water bill",
    "created_at": "2025-08-31T09:24:31.038Z",
    "updated_at": "2025-08-31T09:24:31.038Z"
  }
},
{
  "model": "expenses.expense",
  "pk": 10,
  "fields": {
    "user": 1,
    "account": 1,
    "category": 2,
    "amount": "2257.00",
    "description": "Bus ticket",
    "created_at": "2025-08-31T09:24:31.046Z",
    "updated_at": "2025-08-31T09:24:31.046Z"
  }
},
{
  "model": "expenses.expense",
  "pk": 11,
  "fields": {
    "user": 1,
    "account": 1,
    "category": 7,
    "amount": "1977.00",
    "description": "Electricity bill",
    "created_at": "2025-08-31T09:24:31.052Z",
    "updated_at": "2025-08-31T09:24:31.052Z"
  }
},
{
  "model": "expenses.expense",
  "pk": 12,
  "fields": {
    "user": 1,
    "account": 4,
    "category": 1,
    "amount": "855.00",
    "description": "Dinner at restaurant",
    "created_at": "2025-08-31T09:24:31.060Z",
    "updated_at": "2025-08-31T09:24:31.060Z"
  }
},
{
  "model": "expenses.expense",
  "pk": 13,
  "fields": {
    "user": 1,
    "account": 1,
    "category": 5,
    "amount": "1071.00",
    "description": "Monthly apartment rent",
    "created_at": "2025-08-31T09:24:31.066Z",
    "updated_at": "2025-08-31T09:24:31.066Z"
  }
},
{
  "model": "expenses.expense",
  "pk": 14,
  "fields": {
    "user": 1,
    "account": 4,
    "category": 2,
    "amount": "2561.00",
    "description": "Cab fare",
    "created_at": "2025-08-31T09:24:31.073Z",
    "updated_at": "2025-08-31T09:24:31.073Z"
  }
},
{
  "model": "expenses.expense",
  "pk": 15,
  "fields": {
    "user": 1,
    "account": 1,
    "category": 7,
    "amount": "1645.00",
    "description": "Internet bill",
    "created_at": "2025-08-31T09:24:31.080Z",
    "updated_at": "2025-08-31T09:24:31.080Z"
  }
},
{
  "model": "expenses.expense",
  "pk": 16,
  "fields": {
    "user": 1,
    "account": 1,
    "category": 6,
    "amount": "742.00",
    "description": "Clothes",
    "created_at": "2025-08-31T09:24:31.087Z",
    "updated_at": "2025-08-31T09:24:31.087Z"
  }
},
{
  "model": "expenses.expense",
  "pk": 17,
  "fields": {
    "user": 1,
    "account": 1,
    "category": 2,
    "amount": "135.00",
    "description": "Train pass",
    "created_at": "2025-08-31T09:24:31.094Z",
    "updated_at": "2025-08-31T09:24:31.094Z"
  }
},
{
  "model": "expenses.expense",
  "pk": 18,
  "fields": {
    "user": 1,
    "account": 4,
    "category": 8,
    "amount": "2020.00",
    "description": "Streaming subscription",
    "created_at": "2025-08-31T09:24:31.102Z",
    "updated_at": "2025-08-31T09:24:31.102Z"
  }
},
{
  "model": "expenses.expense",
  "pk": 19,
  "fields": {
    "user": 1,
    "account": 4,
    "category": 1,
    "amount": "322.00",
    "description": "Groceries",
    "created_at": "2025-08-31T09:24:31.109Z",
    "updated_at": "2025-08-31T09:24:31.109Z"
  }
},
{
  "model": "expenses.expense",
  "pk": 20,
  "fields": {
    "user": 1,
    "account": 1,
    "category": 5,
    "amount": "1195.00",
    "description": "Monthly apartment rent",
    "created_at": "2025-08-31T09:24:31.117Z",
    "updated_at": "2025-08-31T09:24:31.117Z"
  }
},
{
  "model": "expenses.expense",
  "pk": 21,
  "fields": {
    "user": 1,
    "account": 4,
    "category": 2,
    "amount": "4127.00",
    "description": "Train pass",
    "created_at": "2025-08-31T09:24:31.125Z",
    "updated_at": "2025-08-31T09:24:31.125Z"
  }
},
{
  "model": "expenses.expense",
  "pk": 22,
  "fields": {
    "user": 1,
    "account": 1,
    "category": 1,
    "amount": "4783.00",
    "description": "Dinner at restaurant",
    "created_at": "2025-08-31T09:24:31.133Z",
    "updated_at": "2025-08-31T09:24:31.133Z"
  }
},
{
  "model": "expenses.expense",
  "pk": 23,
  "fields": {
    "user": 1,
    "account": 4,
    "category": 5,
    "amount": "2982.00",
    "description": "Monthly apartment rent",
    "created_at": "2025-08-31T09:24:31.141Z",
    "updated_at": "2025-08-31T09:24:31.141Z"
  }
},
{
  "model": "expenses.expense",
  "pk": 24,
  "fields": {
    "user": 1,
    "account": 1,
    "category": 6,
    "amount": "1497.00",
    "description": "Clothes",
    "created_at": "2025-08-31T09:24:31.148Z",
    "updated_at": "2025-08-31T09:24:31.148Z"
  }
},
{
  "model": "expenses.expense",
  "pk": 25,
  "fields": {
    "user": 1,
    "account": 4,
    "category": 2,
    "amount": "3558.00",
    "description": "Cab fare",
    "created_at": "2025-08-31T09:24:31.156Z",
    "updated_at": "2025-08-31T09:24:31.156Z"
  }
},
{
  "model": "expenses.expense",
  "pk": 26,
  "fields": {
    "user": 1,
    "account": 1,
    "category": 9,
    "amount": "2612.00",
    "description": "Doctor visit",
    "created_at": "2025-08-31T09:24:31.164Z",
    "updated_at": "2025-08-31T09:24:31.164Z"
  }
},
{
  "model": "expenses.expense",
  "pk": 27,
  "fields": {
    "user": 1,
    "account": 4,
    "category": 5,
    "amount": "2311.00",
    "description": "Monthly apartment rent",
    "created_at": "2025-08-31T09:24:31.173Z",
    "updated_at": "2025-08-31T09:24:31.173Z"
  }
},
{
  "model": "expenses.expense",
  "pk": 28,
  "fields": {
    "user": 1,
    "account": 4,
    "category": 6,
    "amount": "2596.00",
    "description": "Shoes",
    "created_at": "2025-08-31T09:24:31.182Z",
    "updated_at": "2025-08-31T09:24:31.182Z"
  }
},
{
  "model": "expenses.expense",
  "pk": 29,
  "fields": {
    "user": 1,
    "account": 1,
    "category": 2,
    "amount": "4567.00",
    "description": "Cab fare",
    "created_at": "2025-08-31T09:24:31.189Z",
    "updated_at": "2025-08-31T09:24:31.189Z"
  }
},
{
  "model": "expenses.expense",
  "pk": 30,
  "fields": {
    "user": 1,
    "account": 1,
    "category": 8,
    "amount": "1814.00",
    "description": "Concert",
    "created_at": "2025-08-31T09:24:31.197Z",
    "updated_at": "2025-08-31T09:24:31.197Z"
  }
},
{
  "model": "expenses.expense",
  "pk": 31,
  "fields": {
    "user": 1,
    "account": 4,
    "category": 5,
    "amount": "1568.00",
    "description": "Monthly apartment rent",
    "created_at": "2025-08-31T09:24:31.205Z",
    "updated_at": "2025-08-31T09:24:31.205Z"
  }
},
{
  "model": "expenses.expense",
  "pk": 32,
  "fields": {
    "user": 1,
    "account": 4,
    "category": 6,
    "amount": "4875.00",
    "description": "Electronics",
    "created_at": "2025-08-31T09:24:31.214Z",
    "updated_at": "2025-08-31T09:24:31.214Z"
  }
},
{
  "model": "expenses.expense",
  "pk": 33,
  "fields": {
    "user": 1,
    "account": 4,
    "category": 1,
    "amount": "4635.00",
    "description": "Snacks",
    "created_at": "2025-08-31T09:24:31.220Z",
    "updated_at": "2025-08-31T09:24:31.220Z"
  }
},
{
  "model": "expenses.expense",
  "pk": 34,
  "fields": {
    "user": 1,
    "account": 1,
    "category": 7,
    "amount": "364.00",
    "description": "Internet bill",
    "created_at": "2025-08-31T09:24:31.227Z",
    "updated_at": "2025-08-31T09:24:31.227Z"
  }
},
{
  "model": "expenses.expense",
  "pk": 35,
  "fields": {
    "user": 1,
    "account": 4,
    "category": 8,
    "amount": "3209.00",
    "description": "Movie ticket",
    "created_at": "2025-08-31T09:24:31.234Z",
    "updated_at": "2025-08-31T09:24:31.234Z"
  }
},
{
  "model": "expenses.income",
  "pk": 1,
  "fields": {
    "user": 1,
    "account": 2,
    "amount": "5000.00",
    "description": "salary",
    "created_at": "2025-08-31T07:08:58.262Z",
    "updated_at": "2025-08-31T07:08:58.262Z"
  }
},
{
  "model": "expenses.income",
  "pk": 2,
  "fields": {
    "user": 1,
    "account": 1,
    "amount": "10926.00",
    "description": "Bonus",
    "created_at": "2025-08-31T09:24:30.948Z",
    "updated_at": "2025-08-31T09:24:30.948Z"
  }
},
{
  "model": "expenses.income",
  "pk": 3,
  "fields": {
    "user": 1,
    "account": 1,
    "amount": "19791.00",
    "description": "Freelance Project",
    "created_at": "2025-08-31T09:24:30.954Z",
    "updated_at": "2025-08-31T09:24:30.954Z"
  }
},
{
  "model": "expenses.income",
  "pk": 4,
  "fields": {
    "user": 1,
    "account": 4,
    "amount": "29630.00",
    "description": "Freelance Project",
    "created_at": "2025-08-31T09:24:30.960Z",
    "updated_at": "2025-08-31T09:24:30.960Z"
  }
},
{
  "model": "expenses.income",
  "pk": 5,
  "fields": {
    "user": 1,
    "account": 1,
    "amount": "25032.00",
    "description": "Freelance Project",
    "created_at": "2025-08-31T09:24:30.967Z",
    "updated_at": "2025-08-31T09:24:30.967Z"
  }
},
{
  "model": "expenses.income",
  "pk": 6,
  "fields": {
    "user": 1,
    "account": 4,
    "amount": "32559.00",
    "description": "Freelance Project",
    "created_at": "2025-08-31T09:24:30.972Z",
    "updated_at": "2025-08-31T09:24:30.972Z"
  }
},
{
  "model": "expenses.income",
  "pk": 7,
  "fields": {
    "user": 1,
    "account": 1,
    "amount": "43977.00",
    "description": "Salary",
    "created_at": "2025-08-31T09:24:30.978Z",
    "updated_at": "2025-08-31T09:24:30.978Z"
  }
},
{
  "model": "expenses.income",
  "pk": 8,
  "fields": {
    "user": 1,
    "account": 4,
    "amount": "24201.00",
    "description": "Gift from Family",
    "created_at": "2025-08-31T09:24:30.986Z",
    "updated_at": "2025-08-31T09:24:30.986Z"
  }
},
{
  "model": "expenses.income",
  "pk": 9,
  "fields": {
    "user": 1,
    "account": 1,
    "amount": "13441.00",
    "description": "Freelance Project",
    "created_at": "2025-08-31T09:24:30.993Z",
    "updated_at": "2025-08-31T09:24:30.993Z"
  }
},
{
  "model": "expenses.income",
  "pk": 10,
  "fields": {
    "user": 1,
    "account": 4,
    "amount": "11165.00",
    "description": "Freelance Project",
    "created_at": "2025-08-31T09:24:30.999Z",
    "updated_at": "2025-08-31T09:24:30.999Z"
  }
},
{
  "model": "expenses.income",
  "pk": 11,
  "fields": {
    "user": 1,
    "account": 1,
    "amount": "33239.00",
    "description": "Freelance Project",
    "created_at": "2025-08-31T09:24:31.006Z",
    "updated_at": "2025-08-31T09:24:31.006Z"
  }
},
{
  "model": "expenses.transfer",
  "pk": 1,
  "fields": {
    "user": 1,
    "from_account": 3,
    "to_account": 1,
    "amount": "49072.68",
    "created_at": "2025-08-29T19:01:18.557Z"
  }
},
{
  "model": "expenses.transfer",
  "pk": 2,
  "fields": {
    "user": 1,
    "from_account": 3,
    "to_account": 2,
    "amount": "15041.86",
    "created_at": "2025-08-29T19:05:46.959Z"
  }
},
{
  "model": "expenses.transfer",
  "pk": 3,
  "fields": {
    "user": 1,
    "from_account": 1,
    "to_account": 2,
    "amount": "10000.00",
    "created_at": "2025-08-31T07:12:08.662Z"
  }
},
{
  "model": "expenses.transfer",
  "pk": 4,
  "fields": {
    "user": 1,
    "from_account": 1,
    "to_account": 4,
    "amount": "904.00",
    "created_at": "2025-08-31T09:24:31.243Z"
  }
},
{
  "model": "expenses.transfer",
  "pk": 5,
  "fields": {
    "user": 1,
    "from_account": 1,
    "to_account": 4,
    "amount": "1928.00",
    "created_at": "2025-08-31T09:24:31.251Z"
  }
},
{
  "model": "expenses.transfer",
  "pk": 6,
  "fields": {
    "user": 1,
    "from_account": 1,
    "to_account": 4,
    "amount": "2611.00",
    "created_at": "2025-08-31T09:24:31.260Z"
  }
},
{
  "model": "expenses.transfer",
  "pk": 7,
  "fields": {
    "user": 1,
    "from_account": 1,
    "to_account": 4,
    "amount": "2717.00",
    "created_at": "2025-08-31T09:24:31.268Z"
  }
},
{
  "model": "expenses.transfer",
  "pk": 8,
  "fields": {
    "user": 1,
    "from_account": 1,
    "to_account": 4,
    "amount": "2864.00",
    "created_at": "2025-08-31T09:24:31.276Z"
  }
},
{
  "model": "token_blacklist.outstandingtoken",
  "pk": 1,
  "fields": {
    "user": 1,
    "jti": "1e993eed80a84885a4d3ab10f95c724d",
    "token": "eyJhbGciOiJIUzI1NiIsInR5cCI6IkpXVCJ9.eyJ0b2tlbl90eXBlIjoicmVmcmVzaCIsImV4cCI6MTc1NzA5NTAyOCwiaWF0IjoxNzU2NDkwMjI4LCJqdGkiOiIxZTk5M2VlZDgwYTg0ODg1YTRkM2FiMTBmOTVjNzI0ZCIsInVzZXJfaWQiOiIxIn0.U48rLR1w-SmsrW9nPerx6uXd9k-bwaCSIpSWO49r8SM",
    "created_at": "2025-08-29T17:57:08.092Z",
    "expires_at": "2025-09-05T17:57:08Z"
  }
},
{
  "model": "token_blacklist.outstandingtoken",
  "pk": 2,
  "fields": {
    "user": 1,
    "jti": "2c0da9ba2ea54ca4bb00975562516683",
    "token": "eyJhbGciOiJIUzI1NiIsInR5cCI6IkpXVCJ9.eyJ0b2tlbl90eXBlIjoicmVmcmVzaCIsImV4cCI6MTc1NzA5ODg1MCwiaWF0IjoxNzU2NDk0MDUwLCJqdGkiOiIyYzBkYTliYTJlYTU0Y2E0YmIwMDk3NTU2MjUxNjY4MyIsInVzZXJfaWQiOiIxIn0.jhTft39APwnRsz7FlHeoHQBPE74XaCIpJxfIFHq8Nv8",
    "created_at": "2025-08-29T19:00:50.227Z",
    "expires_at": "2025-09-05T19:00:50Z"
  }
},
{
  "model": "token_blacklist.outstandingtoken",
  "pk": 3,
  "fields": {
    "user": 1,
    "jti": "53b33093a1bd45789a9873b9312ee68a",
    "token": "eyJhbGciOiJIUzI1NiIsInR5cCI6IkpXVCJ9.eyJ0b2tlbl90eXBlIjoicmVmcmVzaCIsImV4cCI6MTc1NzA5ODg1MSwiaWF0IjoxNzU2NDk0MDUxLCJqdGkiOiI1M2IzMzA5M2ExYmQ0NTc4OWE5ODczYjkzMTJlZTY4YSIsInVzZXJfaWQiOiIxIn0.0KIchTzUuvez0MFBAJz2qP4ETLFKno7tvriC5_DXjwg",
    "created_at": "2025-08-29T19:00:51.507Z",
    "expires_at": "2025-09-05T19:00:51Z"
  }
},
{
  "model": "token_blacklist.outstandingtoken",
  "pk": 4,
  "fields": {
    "user": 2,
    "jti": "5d8961ad724b4a628cb06078fdd597d8",
    "token": "eyJhbGciOiJIUzI1NiIsInR5cCI6IkpXVCJ9.eyJ0b2tlbl90eXBlIjoicmVmcmVzaCIsImV4cCI6MTc1NzEwMjQ4NCwiaWF0IjoxNzU2NDk3Njg0LCJqdGkiOiI1ZDg5NjFhZDcyNGI0YTYyOGNiMDYwNzhmZGQ1OTdkOCIsInVzZXJfaWQiOiIyIn0.5KceLMOT4jVyNrIHL430dPbjeUp09gc5AkWJrVOwtlQ",
    "created_at": "2025-08-29T20:01:24.835Z",
    "expires_at": "2025-09-05T20:01:24Z"
  }
},
{
  "model": "token_blacklist.outstandingtoken",
  "pk": 5,
  "fields": {
    "user": 1,
    "jti": "ef799158e8844217b810caceb65a7823",
    "token": "eyJhbGciOiJIUzI1NiIsInR5cCI6IkpXVCJ9.eyJ0b2tlbl90eXBlIjoicmVmcmVzaCIsImV4cCI6MTc1NzEwMjcwMywiaWF0IjoxNzU2NDk3OTAzLCJqdGkiOiJlZjc5OTE1OGU4ODQ0MjE3YjgxMGNhY2ViNjVhNzgyMyIsInVzZXJfaWQiOiIxIn0.6q0NReYSqNgO_IJThL0AbsHeDSJEqenjoE_Kv5wGet4",
    "created_at": "2025-08-29T20:05:03.581Z",
    "expires_at": "2025-09-05T20:05:03Z"
  }
},
{
  "model": "token_blacklist.outstandingtoken",
  "pk": 6,
  "fields": {
    "user": 1,
    "jti": "a33baf47c7ea4c09a443b6f6ef88e8d3",
    "token": "eyJhbGciOiJIUzI1NiIsInR5cCI6IkpXVCJ9.eyJ0b2tlbl90eXBlIjoicmVmcmVzaCIsImV4cCI6MTc1NzEwMjc1NiwiaWF0IjoxNzU2NDk3OTU2LCJqdGkiOiJhMzNiYWY0N2M3ZWE0YzA5YTQ0M2I2ZjZlZjg4ZThkMyIsInVzZXJfaWQiOiIxIn0.cNDn6Lwsh7QwK2Qxtwh7Iz05YaDSZ8HLFsbsYOYbXOk",
    "created_at": "2025-08-29T20:05:56.724Z",
    "expires_at": "2025-09-05T20:05:56Z"
  }
},
{
  "model": "token_blacklist.outstandingtoken",
  "pk": 7,
  "fields": {
    "user": 1,
    "jti": "b2edf2c8404e47ff861c7e9bacc6a1b6",
    "token": "eyJhbGciOiJIUzI1NiIsInR5cCI6IkpXVCJ9.eyJ0b2tlbl90eXBlIjoicmVmcmVzaCIsImV4cCI6MTc1NzE2MTUwMCwiaWF0IjoxNzU2NTU2NzAwLCJqdGkiOiJiMmVkZjJjODQwNGU0N2ZmODYxYzdlOWJhY2M2YTFiNiIsInVzZXJfaWQiOiIxIn0.HlFeTk6ndF2x0G3YHiKB_MCNnoUCLlLu0CcQ3W48peE",
    "created_at": "2025-08-30T12:25:00.071Z",
    "expires_at": "2025-09-06T12:25:00Z"
  }
},
{
  "model": "token_blacklist.outstandingtoken",
  "pk": 8,
  "fields": {
    "user": 3,
    "jti": "eadc4a0cf66a4f98b21fa30899cf9dfe",
    "token": "eyJhbGciOiJIUzI1NiIsInR5cCI6IkpXVCJ9.eyJ0b2tlbl90eXBlIjoicmVmcmVzaCIsImV4cCI6MTc1NzE2MTYxMywiaWF0IjoxNzU2NTU2ODEzLCJqdGkiOiJlYWRjNGEwY2Y2NmE0Zjk4YjIxZmEzMDg5OWNmOWRmZSIsInVzZXJfaWQiOiIzIn0.vpL6aV3wollE7hOLE33JKSm6-2nhs58zw9lOOdzUeoE",
    "created_at": "2025-08-30T12:26:53.077Z",
    "expires_at": "2025-09-06T12:26:53Z"
  }
},
{
  "model": "token_blacklist.outstandingtoken",
  "pk": 9,
  "fields": {
    "user": 3,
    "jti": "f5537937ea4d43629fa0991c78fc9b6d",
    "token": "eyJhbGciOiJIUzI1NiIsInR5cCI6IkpXVCJ9.eyJ0b2tlbl90eXBlIjoicmVmcmVzaCIsImV4cCI6MTc1NzE2MjA2NiwiaWF0IjoxNzU2NTU3MjY2LCJqdGkiOiJmNTUzNzkzN2VhNGQ0MzYyOWZhMDk5MWM3OGZjOWI2ZCIsInVzZXJfaWQiOiIzIn0.DMdElOzzqegGsbhXyiBnCt8VffExQam9V5IJJ_c-Umg",
    "created_at": "2025-08-30T12:34:26.889Z",
    "expires_at": "2025-09-06T12:34:26Z"
  }
},
{
  "model": "token_blacklist.outstandingtoken",
  "pk": 10,
  "fields": {
    "user": 1,
    "jti": "6096e9d98cbb401aadc5b2674394fe90",
    "token": "eyJhbGciOiJIUzI1NiIsInR5cCI6IkpXVCJ9.eyJ0b2tlbl90eXBlIjoicmVmcmVzaCIsImV4cCI6MTc1NzE2MjE4MywiaWF0IjoxNzU2NTU3MzgzLCJqdGkiOiI2MDk2ZTlkOThjYmI0MDFhYWRjNWIyNjc0Mzk0ZmU5MCIsInVzZXJfaWQiOiIxIn0.a2NqpSYhqNfCI4SeMHUPoI-2Whi9h87iDYy0v11RsCw",
    "created_at": "2025-08-30T12:36:23.308Z",
    "expires_at": "2025-09-06T12:36:23Z"
  }
},
{
  "model": "token_blacklist.outstandingtoken",
  "pk": 11,
  "fields": {
    "user": 1,
    "jti": "972dcf89c5ed4c8a844e56174c06af04",
    "token": "eyJhbGciOiJIUzI1NiIsInR5cCI6IkpXVCJ9.eyJ0b2tlbl90eXBlIjoicmVmcmVzaCIsImV4cCI6MTc1NzE3MTgxMiwiaWF0IjoxNzU2NTY3MDEyLCJqdGkiOiI5NzJkY2Y4OWM1ZWQ0YzhhODQ0ZTU2MTc0YzA2YWYwNCIsInVzZXJfaWQiOiIxIn0.LbFKr1TdR_6pJNjUyB3hS8jvXxD_gIeGQ6xORAGB6SY",
    "created_at": "2025-08-30T15:16:52.866Z",
    "expires_at": "2025-09-06T15:16:52Z"
  }
},
{
  "model": "token_blacklist.outstandingtoken",
  "pk": 12,
  "fields": {
    "user": 1,
    "jti": "c004a973e0ce4c2d87b5bd7d6470c02f",
    "token": "eyJhbGciOiJIUzI1NiIsInR5cCI6IkpXVCJ9.eyJ0b2tlbl90eXBlIjoicmVmcmVzaCIsImV4cCI6MTc1NzE3MjcyOSwiaWF0IjoxNzU2NTY3OTI5LCJqdGkiOiJjMDA0YTk3M2UwY2U0YzJkODdiNWJkN2Q2NDcwYzAyZiIsInVzZXJfaWQiOiIxIn0.dovqLz7AyVW-zSlad2PKJsCyNXirpdHnUKiYNGlCr1w",
    "created_at": "2025-08-30T15:32:09.987Z",
    "expires_at": "2025-09-06T15:32:09Z"
  }
},
{
  "model": "token_blacklist.outstandingtoken",
  "pk": 13,
  "fields": {
    "user": 1,
    "jti": "8785377f7f3a4d0189c785f261aaf8d4",
    "token": "eyJhbGciOiJIUzI1NiIsInR5cCI6IkpXVCJ9.eyJ0b2tlbl90eXBlIjoicmVmcmVzaCIsImV4cCI6MTc1NzE3NTQxMywiaWF0IjoxNzU2NTcwNjEzLCJqdGkiOiI4Nzg1Mzc3ZjdmM2E0ZDAxODljNzg1ZjI2MWFhZjhkNCIsInVzZXJfaWQiOiIxIn0.hfY_9NeCfZj3yakpvcVxHLLbM3b7cVDCpiCzuD5EsRA",
    "created_at": "2025-08-30T16:16:53.302Z",
    "expires_at": "2025-09-06T16:16:53Z"
  }
},
{
  "model": "token_blacklist.outstandingtoken",
  "pk": 14,
  "fields": {
    "user": 1,
    "jti": "a73bc890a4bb4d53ad5519e5bab01a41",
    "token": "eyJhbGciOiJIUzI1NiIsInR5cCI6IkpXVCJ9.eyJ0b2tlbl90eXBlIjoicmVmcmVzaCIsImV4cCI6MTc1NzE4MjIyMywiaWF0IjoxNzU2NTc3NDIzLCJqdGkiOiJhNzNiYzg5MGE0YmI0ZDUzYWQ1NTE5ZTViYWIwMWE0MSIsInVzZXJfaWQiOiIxIn0.Yg1WJnKaA1JQn0xmZWgAx2X5aJrMr-W-RLVOTq9gZeM",
    "created_at": "2025-08-30T18:10:23.224Z",
    "expires_at": "2025-09-06T18:10:23Z"
  }
},
{
  "model": "token_blacklist.outstandingtoken",
  "pk": 15,
  "fields": {
    "user": 4,
    "jti": "6ee15a61f9fd448c88a8c5b21e92c4b1",
    "token": "eyJhbGciOiJIUzI1NiIsInR5cCI6IkpXVCJ9.eyJ0b2tlbl90eXBlIjoicmVmcmVzaCIsImV4cCI6MTc1NzE4MjI2NCwiaWF0IjoxNzU2NTc3NDY0LCJqdGkiOiI2ZWUxNWE2MWY5ZmQ0NDhjODhhOGM1YjIxZTkyYzRiMSIsInVzZXJfaWQiOiI0In0.hvsSyZYPwC29g7-AxJWPAPl-uf8RioRIauML68utsLQ",
    "created_at": "2025-08-30T18:11:04.388Z",
    "expires_at": "2025-09-06T18:11:04Z"
  }
},
{
  "model": "token_blacklist.outstandingtoken",
  "pk": 16,
  "fields": {
    "user": 1,
    "jti": "b3533506d02b47a8a5d566a93c463927",
    "token": "eyJhbGciOiJIUzI1NiIsInR5cCI6IkpXVCJ9.eyJ0b2tlbl90eXBlIjoicmVmcmVzaCIsImV4cCI6MTc1NzE4MzAxNiwiaWF0IjoxNzU2NTc4MjE2LCJqdGkiOiJiMzUzMzUwNmQwMmI0N2E4YTVkNTY2YTkzYzQ2MzkyNyIsInVzZXJfaWQiOiIxIn0.1rYo-eHgLT50bV_98iBv2Z4YJF7HXvmihchTjs5Gc0M",
    "created_at": "2025-08-30T18:23:36.328Z",
    "expires_at": "2025-09-06T18:23:36Z"
  }
},
{
  "model": "token_blacklist.outstandingtoken",
  "pk": 17,
  "fields": {
    "user": 1,
    "jti": "082dcbdc21f74730b6200d86b3bc4f4d",
    "token": "eyJhbGciOiJIUzI1NiIsInR5cCI6IkpXVCJ9.eyJ0b2tlbl90eXBlIjoicmVmcmVzaCIsImV4cCI6MTc1NzIyNTUyMSwiaWF0IjoxNzU2NjIwNzIxLCJqdGkiOiIwODJkY2JkYzIxZjc0NzMwYjYyMDBkODZiM2JjNGY0ZCIsInVzZXJfaWQiOiIxIn0.RfkcyAnQ8UrH0SEWd9LTryGw2gUQ7sHamMlBcEdQuLQ",
    "created_at": "2025-08-31T06:12:01.325Z",
    "expires_at": "2025-09-07T06:12:01Z"
  }
},
{
  "model": "token_blacklist.outstandingtoken",
  "pk": 18,
  "fields": {
    "user": 1,
    "jti": "02c7b3c6556d47df9c4dc7b016f6472b",
    "token": "eyJhbGciOiJIUzI1NiIsInR5cCI6IkpXVCJ9.eyJ0b2tlbl90eXBlIjoicmVmcmVzaCIsImV4cCI6MTc1NzIyNTcyOCwiaWF0IjoxNzU2NjIwOTI4LCJqdGkiOiIwMmM3YjNjNjU1NmQ0N2RmOWM0ZGM3YjAxNmY2NDcyYiIsInVzZXJfaWQiOiIxIn0._yfZAIKe6BtoxYP9_A8ArF45LkAT7W20N3bD2LNu2eE",
    "created_at": "2025-08-31T06:15:28.476Z",
    "expires_at": "2025-09-07T06:15:28Z"
  }
},
{
  "model": "token_blacklist.outstandingtoken",
  "pk": 19,
  "fields": {
    "user": 1,
    "jti": "db5c2d488c0243b2a2d9952fe9682615",
    "token": "eyJhbGciOiJIUzI1NiIsInR5cCI6IkpXVCJ9.eyJ0b2tlbl90eXBlIjoicmVmcmVzaCIsImV4cCI6MTc1NzIyNTk0NCwiaWF0IjoxNzU2NjIxMTQ0LCJqdGkiOiJkYjVjMmQ0ODhjMDI0M2IyYTJkOTk1MmZlOTY4MjYxNSIsInVzZXJfaWQiOiIxIn0.98Hl2IzfV--mNQHtJ9k58SwhQXqavixnmCm3PGqWNnE",
    "created_at": "2025-08-31T06:19:04.838Z",
    "expires_at": "2025-09-07T06:19:04Z"
  }
},
{
  "model": "token_blacklist.outstandingtoken",
  "pk": 20,
  "fields": {
    "user": 1,
    "jti": "9248a91361f14355bff028e989b1e369",
    "token": "eyJhbGciOiJIUzI1NiIsInR5cCI6IkpXVCJ9.eyJ0b2tlbl90eXBlIjoicmVmcmVzaCIsImV4cCI6MTc1NzIyNjcwMCwiaWF0IjoxNzU2NjIxOTAwLCJqdGkiOiI5MjQ4YTkxMzYxZjE0MzU1YmZmMDI4ZTk4OWIxZTM2OSIsInVzZXJfaWQiOiIxIn0.emC-_MY4tVG4bY-NMUQjzqr0FjSXBiUiPlf0SEg2Cbs",
    "created_at": "2025-08-31T06:31:40.056Z",
    "expires_at": "2025-09-07T06:31:40Z"
  }
},
{
  "model": "token_blacklist.outstandingtoken",
  "pk": 21,
  "fields": {
    "user": 1,
    "jti": "63c2e1b90eed46c2a4b2d6ffa75d2137",
    "token": "eyJhbGciOiJIUzI1NiIsInR5cCI6IkpXVCJ9.eyJ0b2tlbl90eXBlIjoicmVmcmVzaCIsImV4cCI6MTc1NzIyNjg5NywiaWF0IjoxNzU2NjIyMDk3LCJqdGkiOiI2M2MyZTFiOTBlZWQ0NmMyYTRiMmQ2ZmZhNzVkMjEzNyIsInVzZXJfaWQiOiIxIn0.73GbjCEbfDd_GuLfHwuuF8EiUpunDj5xgRkpG9Hp9Go",
    "created_at": "2025-08-31T06:34:57.543Z",
    "expires_at": "2025-09-07T06:34:57Z"
  }
},
{
  "model": "token_blacklist.outstandingtoken",
  "pk": 22,
  "fields": {
    "user": 1,
    "jti": "11a8f997e9174841aa3de39ff1898b68",
    "token": "eyJhbGciOiJIUzI1NiIsInR5cCI6IkpXVCJ9.eyJ0b2tlbl90eXBlIjoicmVmcmVzaCIsImV4cCI6MTc1NzIyNzU1OSwiaWF0IjoxNzU2NjIyNzU5LCJqdGkiOiIxMWE4Zjk5N2U5MTc0ODQxYWEzZGUzOWZmMTg5OGI2OCIsInVzZXJfaWQiOiIxIn0.TtLStteI065R8tD32QSCWA1WXixn1Scp-UNHt5wf9ZU",
    "created_at": "2025-08-31T06:45:59.785Z",
    "expires_at": "2025-09-07T06:45:59Z"
  }
},
{
  "model": "token_blacklist.outstandingtoken",
  "pk": 23,
  "fields": {
    "user": 1,
    "jti": "abdc0bfbc311496187ba11cfd075f7c2",
    "token": "eyJhbGciOiJIUzI1NiIsInR5cCI6IkpXVCJ9.eyJ0b2tlbl90eXBlIjoicmVmcmVzaCIsImV4cCI6MTc1NzIyNzU3NSwiaWF0IjoxNzU2NjIyNzc1LCJqdGkiOiJhYmRjMGJmYmMzMTE0OTYxODdiYTExY2ZkMDc1ZjdjMiIsInVzZXJfaWQiOiIxIn0.VhhyjX_gSTcXqnWClyHy73EbFmGsm9YBvolL2YxHdrM",
    "created_at": "2025-08-31T06:46:15.416Z",
    "expires_at": "2025-09-07T06:46:15Z"
  }
},
{
  "model": "token_blacklist.outstandingtoken",
  "pk": 24,
  "fields": {
    "user": 1,
    "jti": "4a289cb00ac44f4593b1f12fcdb2e6cd",
    "token": "eyJhbGciOiJIUzI1NiIsInR5cCI6IkpXVCJ9.eyJ0b2tlbl90eXBlIjoicmVmcmVzaCIsImV4cCI6MTc1NzIyNzU5OCwiaWF0IjoxNzU2NjIyNzk4LCJqdGkiOiI0YTI4OWNiMDBhYzQ0ZjQ1OTNiMWYxMmZjZGIyZTZjZCIsInVzZXJfaWQiOiIxIn0.BVr0zyHlQKc_vcOvt_XXnhJlNqZQQtiQavoSGNgm7vA",
    "created_at": "2025-08-31T06:46:38.933Z",
    "expires_at": "2025-09-07T06:46:38Z"
  }
},
{
  "model": "token_blacklist.outstandingtoken",
  "pk": 25,
  "fields": {
    "user": 1,
    "jti": "20c533064d4145719411dd352db121f6",
    "token": "eyJhbGciOiJIUzI1NiIsInR5cCI6IkpXVCJ9.eyJ0b2tlbl90eXBlIjoicmVmcmVzaCIsImV4cCI6MTc1NzIyNzYxNSwiaWF0IjoxNzU2NjIyODE1LCJqdGkiOiIyMGM1MzMwNjRkNDE0NTcxOTQxMWRkMzUyZGIxMjFmNiIsInVzZXJfaWQiOiIxIn0.9mUu9IZGsdxMB004PvCHZCFHzzu0VnYcOmJNkKxjhdI",
    "created_at": "2025-08-31T06:46:55.437Z",
    "expires_at": "2025-09-07T06:46:55Z"
  }
},
{
  "model": "token_blacklist.outstandingtoken",
  "pk": 26,
  "fields": {
    "user": 1,
    "jti": "77da452040d2447dbb26b2c044fe93a8",
    "token": "eyJhbGciOiJIUzI1NiIsInR5cCI6IkpXVCJ9.eyJ0b2tlbl90eXBlIjoicmVmcmVzaCIsImV4cCI6MTc1NzIyNzc2NywiaWF0IjoxNzU2NjIyOTY3LCJqdGkiOiI3N2RhNDUyMDQwZDI0NDdkYmIyNmIyYzA0NGZlOTNhOCIsInVzZXJfaWQiOiIxIn0.rvogW64xsTP0orvbNwSWbeTh3ov27m_Ehzc-IONp0hA",
    "created_at": "2025-08-31T06:49:27.115Z",
    "expires_at": "2025-09-07T06:49:27Z"
  }
},
{
  "model": "token_blacklist.outstandingtoken",
  "pk": 27,
  "fields": {
    "user": 1,
    "jti": "7f36953a79774926963cfcc092ec416f",
    "token": "eyJhbGciOiJIUzI1NiIsInR5cCI6IkpXVCJ9.eyJ0b2tlbl90eXBlIjoicmVmcmVzaCIsImV4cCI6MTc1NzIyNzk0NCwiaWF0IjoxNzU2NjIzMTQ0LCJqdGkiOiI3ZjM2OTUzYTc5Nzc0OTI2OTYzY2ZjYzA5MmVjNDE2ZiIsInVzZXJfaWQiOiIxIn0.0eJX2JADXXF-Yq9aQjn5ty0gG86jPFE64kF5lSDlYMQ",
    "created_at": "2025-08-31T06:52:24.402Z",
    "expires_at": "2025-09-07T06:52:24Z"
  }
},
{
  "model": "token_blacklist.outstandingtoken",
  "pk": 28,
  "fields": {
    "user": 1,
    "jti": "f2dcc17d8ac840e3ad7d368ca5948b3f",
    "token": "eyJhbGciOiJIUzI1NiIsInR5cCI6IkpXVCJ9.eyJ0b2tlbl90eXBlIjoicmVmcmVzaCIsImV4cCI6MTc1NzIyODI5MiwiaWF0IjoxNzU2NjIzNDkyLCJqdGkiOiJmMmRjYzE3ZDhhYzg0MGUzYWQ3ZDM2OGNhNTk0OGIzZiIsInVzZXJfaWQiOiIxIn0.qP2Ny-j-oy2bEJK_xKOk7Sih_Er96Wzkc9uq7j7tT3Q",
    "created_at": "2025-08-31T06:58:12.160Z",
    "expires_at": "2025-09-07T06:58:12Z"
  }
},
{
  "model": "token_blacklist.outstandingtoken",
  "pk": 29,
  "fields": {
    "user": 1,
    "jti": "9b27960451e44fa8b34e994a2d97bc31",
    "token": "eyJhbGciOiJIUzI1NiIsInR5cCI6IkpXVCJ9.eyJ0b2tlbl90eXBlIjoicmVmcmVzaCIsImV4cCI6MTc1NzIyODkwOSwiaWF0IjoxNzU2NjI0MTA5LCJqdGkiOiI5YjI3OTYwNDUxZTQ0ZmE4YjM0ZTk5NGEyZDk3YmMzMSIsInVzZXJfaWQiOiIxIn0.DnYeZCiPZ1BWspfDGXAo447b4JMK_hH91kVzqJBFtiM",
    "created_at": "2025-08-31T07:08:29.880Z",
    "expires_at": "2025-09-07T07:08:29Z"
  }
},
{
  "model": "token_blacklist.outstandingtoken",
  "pk": 30,
  "fields": {
    "user": 1,
    "jti": "d39cb9f3c84a446d93a3019c1998c0fd",
    "token": "eyJhbGciOiJIUzI1NiIsInR5cCI6IkpXVCJ9.eyJ0b2tlbl90eXBlIjoicmVmcmVzaCIsImV4cCI6MTc1NzIyOTExMCwiaWF0IjoxNzU2NjI0MzEwLCJqdGkiOiJkMzljYjlmM2M4NGE0NDZkOTNhMzAxOWMxOTk4YzBmZCIsInVzZXJfaWQiOiIxIn0.czR-047cYs8mh8bHN9oNvcAvFcL5fnLTuc5RkYI23Tk",
    "created_at": "2025-08-31T07:11:50.677Z",
    "expires_at": "2025-09-07T07:11:50Z"
  }
},
{
  "model": "token_blacklist.outstandingtoken",
  "pk": 31,
  "fields": {
    "user": 1,
    "jti": "c851a77088c348c59d874c76e167361e",
    "token": "eyJhbGciOiJIUzI1NiIsInR5cCI6IkpXVCJ9.eyJ0b2tlbl90eXBlIjoicmVmcmVzaCIsImV4cCI6MTc1NzIyOTI0MywiaWF0IjoxNzU2NjI0NDQzLCJqdGkiOiJjODUxYTc3MDg4YzM0OGM1OWQ4NzRjNzZlMTY3MzYxZSIsInVzZXJfaWQiOiIxIn0.rxOy3sIi358KHAK5sQtt721UxNsjcLZrPyW5HXBsVi4",
    "created_at": "2025-08-31T07:14:03.622Z",
    "expires_at": "2025-09-07T07:14:03Z"
  }
},
{
  "model": "token_blacklist.outstandingtoken",
  "pk": 32,
  "fields": {
    "user": 1,
    "jti": "fa4e6cec7c234de59853666d4d6a92cb",
    "token": "eyJhbGciOiJIUzI1NiIsInR5cCI6IkpXVCJ9.eyJ0b2tlbl90eXBlIjoicmVmcmVzaCIsImV4cCI6MTc1NzIzMDA5NywiaWF0IjoxNzU2NjI1Mjk3LCJqdGkiOiJmYTRlNmNlYzdjMjM0ZGU1OTg1MzY2NmQ0ZDZhOTJjYiIsInVzZXJfaWQiOiIxIn0.meS7GnVtYsOjVNrJCddpMoQdDDb8hjx88YZLAeRery0",
    "created_at": "2025-08-31T07:28:17.868Z",
    "expires_at": "2025-09-07T07:28:17Z"
  }
},
{
  "model": "token_blacklist.outstandingtoken",
  "pk": 33,
  "fields": {
    "user": 1,
    "jti": "ea136459554e4d618bf8213a4c67e2c5",
    "token": "eyJhbGciOiJIUzI1NiIsInR5cCI6IkpXVCJ9.eyJ0b2tlbl90eXBlIjoicmVmcmVzaCIsImV4cCI6MTc1NzIzMzYwOSwiaWF0IjoxNzU2NjI4ODA5LCJqdGkiOiJlYTEzNjQ1OTU1NGU0ZDYxOGJmODIxM2E0YzY3ZTJjNSIsInVzZXJfaWQiOiIxIn0.1p-yZcNZYyKjlqyhyne5UbEEP5qZE1Bi_STEsbpx7-g",
    "created_at": "2025-08-31T08:26:49.481Z",
    "expires_at": "2025-09-07T08:26:49Z"
  }
},
{
  "model": "token_blacklist.outstandingtoken",
  "pk": 34,
  "fields": {
    "user": 1,
    "jti": "d04c7bb8e7a5421d8d77d4e1f9cae551",
    "token": "eyJhbGciOiJIUzI1NiIsInR5cCI6IkpXVCJ9.eyJ0b2tlbl90eXBlIjoicmVmcmVzaCIsImV4cCI6MTc1NzIzNDg2MiwiaWF0IjoxNzU2NjMwMDYyLCJqdGkiOiJkMDRjN2JiOGU3YTU0MjFkOGQ3N2Q0ZTFmOWNhZTU1MSIsInVzZXJfaWQiOiIxIn0.do7ENbmFRgHuiFkZ5KTCeyOqENNDuHUa7Ywp_eBkFCs",
    "created_at": "2025-08-31T08:47:42.412Z",
    "expires_at": "2025-09-07T08:47:42Z"
  }
},
{
  "model": "token_blacklist.outstandingtoken",
  "pk": 35,
  "fields": {
    "user": 1,
    "jti": "97f7f8e0929e42848db9c57a831b4c76",
    "token": "eyJhbGciOiJIUzI1NiIsInR5cCI6IkpXVCJ9.eyJ0b2tlbl90eXBlIjoicmVmcmVzaCIsImV4cCI6MTc1NzIzNDk4OCwiaWF0IjoxNzU2NjMwMTg4LCJqdGkiOiI5N2Y3ZjhlMDkyOWU0Mjg0OGRiOWM1N2E4MzFiNGM3NiIsInVzZXJfaWQiOiIxIn0.8-RlpOL6Qrf65DWdhqCaMTJmdz70YeRk_dHOoJfZqt4",
    "created_at": "2025-08-31T08:49:48.701Z",
    "expires_at": "2025-09-07T08:49:48Z"
  }
},
{
  "model": "token_blacklist.outstandingtoken",
  "pk": 36,
  "fields": {
    "user": 1,
    "jti": "f3c024d10dbe46fcbeecab1030c48cd0",
    "token": "eyJhbGciOiJIUzI1NiIsInR5cCI6IkpXVCJ9.eyJ0b2tlbl90eXBlIjoicmVmcmVzaCIsImV4cCI6MTc1NzIzNTEyMiwiaWF0IjoxNzU2NjMwMzIyLCJqdGkiOiJmM2MwMjRkMTBkYmU0NmZjYmVlY2FiMTAzMGM0OGNkMCIsInVzZXJfaWQiOiIxIn0.r1qHcY-6MT3JgeqqF843Zz13iBeQbdqOUF67DPNLeBE",
    "created_at": "2025-08-31T08:52:02.149Z",
    "expires_at": "2025-09-07T08:52:02Z"
  }
},
{
  "model": "token_blacklist.outstandingtoken",
  "pk": 37,
  "fields": {
    "user": 1,
    "jti": "f7d13a48fa7547df9cb3c273d693cfb7",
    "token": "eyJhbGciOiJIUzI1NiIsInR5cCI6IkpXVCJ9.eyJ0b2tlbl90eXBlIjoicmVmcmVzaCIsImV4cCI6MTc1NzIzNTY1NiwiaWF0IjoxNzU2NjMwODU2LCJqdGkiOiJmN2QxM2E0OGZhNzU0N2RmOWNiM2MyNzNkNjkzY2ZiNyIsInVzZXJfaWQiOiIxIn0.JleK3zcSQZu3JriBhk78Vk8HJ7YjpC1l0lUZUd3L21Y",
    "created_at": "2025-08-31T09:00:56.234Z",
    "expires_at": "2025-09-07T09:00:56Z"
  }
},
{
  "model": "token_blacklist.blacklistedtoken",
  "pk": 1,
  "fields": {
    "token": 6,
    "blacklisted_at": "2025-08-29T20:06:27.841Z"
  }
}
]
